{
    "name": "wSplit",
    "vendorId": "0xEEEE",
    "productId": "0xDEEA",
    "lighting": "none",
    "matrix": {
        "rows": 12,
        "cols": 7
    },
    "layouts": {
        "keymap": [
  [
    {
      "y": 0.13,
      "x": 2.75
    },
    "0,2",
    "0,3",
    "0,4",
    "0,5",
    {
      "x": 4.25
    },
    "6,4",
    "6,3",
    "6,2"
  ],
  [
    {
      "y": -0.7499999999999999,
      "x": 0.75
    },
    "0,0",
    "0,1",
    {
      "x": 7.25
    },
    "6,5",
    {
      "x": 3
    },
    "6,1",
    "6,0"
  ],
  [
    {
      "y": -0.3799999999999999,
      "x": 3.75
    },
    "1,3",
    {
      "x": 7.25
    },
    "7,3"
  ],
  [
    {
      "y": -0.8700000000000001,
      "x": 2.75
    },
    "1,2",
    {
      "x": 1
    },
    "1,4",
    {
      "x": 5.25
    },
    "7,4",
    {
      "x": 1
    },
    "7,2"
  ],
  [
    {
      "y": -0.8799999999999999,
      "x": 5.75
    },
    "1,5",
    {
      "x": 3.25
    },
    "7,5"
  ],
  [
    {
      "y": -0.8700000000000001,
      "x": 0.75
    },
    "1,0",
    "1,1",
    {
      "x": 11.25
    },
    "7,1",
    "7,0"
  ],
  [
    {
      "y": -0.3799999999999999,
      "x": 3.75
    },
    "2,3",
    {
      "x": 7.25
    },
    "8,3"
  ],
  [
    {
      "y": -0.8700000000000001,
      "x": 2.75
    },
    "2,2",
    {
      "x": 1
    },
    "2,4",
    {
      "x": 5.25
    },
    "8,4",
    {
      "x": 1
    },
    "8,2"
  ],
  [
    {
      "y": -0.8799999999999999,
      "x": 5.75
    },
    "2,5",
    {
      "x": 3.25
    },
    "8,5"
  ],
  [
    {
      "y": -0.8700000000000001,
      "x": 0.75
    },
    "2,0",
    "2,1",
    {
      "x": 11.25
    },
    "8,1",
    "8,0"
  ],
  [
    {
      "y": -0.3799999999999999,
      "x": 3.75
    },
    "3,3",
    {
      "x": 7.25
    },
    "9,3"
  ],
  [
    {
      "y": -0.8700000000000001,
      "x": 2.75
    },
    "3,2",
    {
      "x": 1
    },
    "3,4",
    {
      "x": 5.25
    },
    "9,4",
    {
      "x": 1
    },
    "9,2"
  ],
  [
    {
      "y": -0.8799999999999999,
      "x": 5.75
    },
    "3,5",
    {
      "x": 3.25
    },
    "9,5"
  ],
  [
    {
      "y": -0.8700000000000001,
      "x": 0.75
    },
    "3,0",
    "3,1",
    {
      "x": 11.25
    },
    "9,1",
    "9,0"
  ],
  [
    {
      "y": -0.3799999999999999,
      "x": 3.75
    },
    "4,3",
    {
      "x": 7.25
    },
    "10,3"
  ],
  [
    {
      "y": -0.8700000000000001,
      "x": 2.75
    },
    "4,2",
    {
      "x": 1
    },
    "4,4",
    {
      "x": 5.25
    },
    "10,4",
    {
      "x": 1
    },
    "10,2"
  ],
  [
    {
      "y": -0.8799999999999999,
      "x": 5.75
    },
    "4,5",
    {
      "x": 3.25
    },
    "10,5"
  ],
  [
    {
      "y": -0.8700000000000001,
      "x": 0.75
    },
    "4,0",
    "4,1",
    {
      "x": 11.25
    },
    "10,1",
    "10,0"
  ],
  [
    {
      "y": -0.3799999999999999,
      "x": 3.75
    },
    "5,3",
    {
      "x": 7.25
    },
    "11,3"
  ],
  [
    {
      "y": -0.8700000000000001,
      "x": 2.75
    },
    "5,2",
    {
      "x": 9.25
    },
    "11,2"
  ],
  [
    {
      "r": 30,
      "rx": 6.5,
      "ry": 4.25,
      "y": 1.5,
      "x": -0.5
    },
    "5,6",
    "2,6",
    "1,6"
  ],
  [
    {
      "x": 0.5
    },
    "3,6",
    "0,6"
  ],
  [
    {
      "r": -30,
      "rx": 13,
      "y": 0.25,
      "x": -5
    },
    "7,6",
    "8,6",
    "11,6"
  ],
  [
    {
      "x": -5
    },
    "6,6",
    "9,6"
  ]
]
    }
}